Site_ID,year
01-073-0023,2001
01-073-0023,2002
01-073-0023,2003
01-073-0023,2004
01-073-0023,2005
01-073-0023,2006
01-073-0023,2007
01-073-1009,2002
01-073-1009,2003
01-073-1009,2004
01-073-1009,2005
01-073-1009,2006
01-073-2003,2002
01-073-2003,2003
01-073-2003,2004
01-073-2003,2005
01-073-2003,2006
01-073-2003,2007
01-073-2003,2008
01-079-0002,2000
01-079-0002,2001
01-079-0002,2002
01-079-0002,2003
01-079-0002,2004
01-079-0002,2005
01-079-0002,2006
01-079-0002,2007
01-079-0002,2008
01-079-9000,2000
01-079-9000,2001
01-079-9000,2002
01-079-9000,2003
01-079-9000,2004
01-079-9000,2005
01-079-9000,2006
01-079-9000,2007
01-079-9000,2008
01-089-0014,2004
01-089-0014,2005
01-089-0014,2006
01-089-0014,2007
01-089-0014,2008
01-097-0003,2003
01-097-0003,2004
01-097-0003,2005
01-097-0003,2006
01-101-1002,2003
01-101-1002,2004
01-101-1002,2005
01-101-1002,2006
01-101-1002,2007
01-101-1002,2008
01-103-0011,2003
01-103-0011,2004
01-103-0011,2005
04-001-8001,2001
04-001-8001,2002
04-001-8001,2003
04-001-8001,2004
04-001-8001,2005
04-001-8001,2006
04-001-8001,2007
04-001-8001,2008
04-003-9000,2005
04-003-9000,2006
04-003-9000,2007
04-003-9000,2008
04-005-8100,2001
04-005-8100,2002
04-005-8100,2004
04-005-8100,2008
04-005-8103,2001
04-005-8103,2002
04-005-8103,2003
04-005-8103,2004
04-005-8103,2005
04-005-8103,2006
04-005-8103,2007
04-005-8103,2008
04-007-0010,2001
04-007-0010,2002
04-007-0010,2003
04-007-0010,2004
04-007-0010,2005
04-007-0010,2006
04-007-0010,2007
04-007-0010,2008
04-007-8100,2001
04-007-8100,2002
04-007-8100,2003
04-007-8100,2004
04-007-8100,2005
04-007-8100,2006
04-007-8100,2007
04-007-8100,2008
04-013-9997,2001
04-013-9997,2002
04-013-9997,2003
04-013-9997,2004
04-013-9997,2005
04-013-9997,2006
04-013-9997,2007
04-013-9997,2008
04-019-0005,2003
04-019-0005,2004
04-019-0005,2005
04-019-0005,2006
04-019-0005,2007
04-019-0005,2008
04-019-0021,2002
04-019-0021,2003
04-019-0021,2004
04-019-0021,2005
04-019-0021,2006
04-019-0021,2007
04-019-0021,2008
04-019-1028,2003
04-019-1028,2004
04-019-1028,2005
04-019-1028,2006
04-019-1028,2007
04-019-1028,2008
04-019-9000,2002
04-019-9000,2003
04-019-9000,2004
04-019-9000,2005
04-019-9000,2006
04-019-9000,2007
04-019-9000,2008
04-021-8001,2002
04-021-8001,2003
04-021-8001,2004
04-021-8001,2005
04-021-8001,2006
04-021-8001,2007
04-021-8001,2008
05-101-9000,2000
05-101-9000,2001
05-101-9000,2002
05-101-9000,2003
05-101-9000,2004
05-101-9000,2005
05-101-9000,2006
05-101-9000,2007
05-101-9000,2008
05-113-0003,2001
05-113-0003,2002
05-113-0003,2003
05-113-0003,2004
05-113-0003,2005
05-113-0003,2006
05-113-0003,2007
05-113-0003,2008
05-119-0007,2003
05-119-0007,2004
05-119-0007,2005
05-119-0007,2006
05-119-0007,2007
05-119-0007,2008
06-015-0002,2000
06-015-0002,2001
06-015-0002,2002
06-015-0002,2003
06-015-0002,2004
06-015-0002,2005
06-015-0002,2006
06-015-0002,2007
06-015-0002,2008
06-017-9000,2000
06-017-9000,2001
06-017-9000,2002
06-017-9000,2003
06-017-9000,2004
06-017-9000,2005
06-017-9000,2006
06-017-9000,2007
06-017-9000,2008
06-019-0008,2001
06-019-0008,2002
06-019-0008,2003
06-019-0008,2004
06-019-0008,2005
06-019-0008,2006
06-019-0008,2007
06-019-0008,2008
06-019-9000,2002
06-019-9000,2003
06-019-9000,2004
06-019-9000,2005
06-019-9000,2006
06-019-9000,2007
06-019-9000,2008
06-029-0014,2002
06-029-0014,2003
06-029-0014,2004
06-029-0014,2005
06-029-0014,2006
06-029-0014,2007
06-029-9002,2001
06-029-9002,2002
06-029-9002,2003
06-029-9002,2004
06-037-1103,2003
06-037-1103,2004
06-037-1103,2005
06-037-1103,2006
06-037-1103,2007
06-037-9034,2002
06-037-9034,2003
06-037-9034,2004
06-037-9034,2005
06-037-9034,2006
06-037-9034,2007
06-037-9034,2008
06-041-0002,2000
06-041-0002,2001
06-041-0002,2002
06-041-0002,2003
06-041-0002,2004
06-041-0002,2005
06-041-0002,2006
06-041-0002,2007
06-041-0002,2008
06-043-0003,2000
06-043-0003,2001
06-043-0003,2002
06-043-0003,2003
06-043-0003,2004
06-043-0003,2005
06-043-0003,2006
06-043-0003,2007
06-043-0003,2008
06-051-9000,2002
06-051-9000,2003
06-051-9000,2004
06-051-9000,2006
06-051-9000,2007
06-051-9000,2008
06-065-8001,2002
06-065-8001,2003
06-065-8001,2004
06-065-8001,2005
06-065-8001,2006
06-065-8001,2007
06-065-9000,2001
06-065-9000,2002
06-065-9000,2003
06-065-9000,2004
06-065-9000,2005
06-065-9000,2006
06-065-9000,2007
06-065-9000,2008
06-067-0006,2001
06-067-0006,2002
06-067-0006,2003
06-067-0006,2004
06-067-0006,2005
06-067-0006,2006
06-067-0006,2007
06-067-0006,2008
06-069-0003,2000
06-069-0003,2001
06-069-0003,2002
06-069-0003,2003
06-069-0003,2004
06-069-0003,2005
06-069-0003,2006
06-069-0003,2007
06-069-0003,2008
06-071-9002,2001
06-071-9002,2002
06-071-9002,2003
06-071-9002,2004
06-071-9002,2005
06-071-9002,2006
06-071-9002,2007
06-071-9002,2008
06-071-9010,2001
06-071-9010,2002
06-071-9010,2003
06-071-9010,2004
06-071-9010,2005
06-071-9010,2006
06-071-9010,2007
06-071-9010,2008
06-073-0003,2002
06-073-0003,2003
06-073-0003,2004
06-073-0003,2005
06-073-0003,2006
06-073-0003,2007
06-083-9000,2001
06-083-9000,2002
06-083-9000,2003
06-083-9000,2004
06-083-9000,2005
06-083-9000,2006
06-083-9000,2007
06-083-9000,2008
06-085-0005,2003
06-085-0005,2004
06-085-0005,2005
06-085-0005,2006
06-085-0005,2007
06-085-0005,2008
06-089-3003,2000
06-089-3003,2001
06-089-3003,2002
06-089-3003,2003
06-105-9000,2001
06-105-9000,2002
06-105-9000,2003
06-105-9000,2004
06-105-9000,2005
06-105-9000,2006
06-105-9000,2007
06-105-9000,2008
06-107-1001,2000
06-107-1001,2001
06-107-1001,2002
06-107-1001,2003
06-107-1001,2004
06-107-1001,2005
06-107-1001,2006
06-107-1001,2007
06-107-1001,2008
06-111-2002,2002
06-111-2002,2003
06-111-2002,2004
06-111-2002,2005
06-111-2002,2006
06-111-2002,2007
06-111-2002,2008
08-001-0006,2002
08-001-0006,2003
08-001-0006,2004
08-001-0006,2005
08-001-0006,2006
08-001-0006,2007
08-041-0011,2002
08-041-0011,2003
08-041-0011,2004
08-041-0011,2005
08-041-0011,2006
08-057-9000,2001
08-057-9000,2002
08-057-9000,2003
08-057-9000,2004
08-057-9000,2005
08-057-9000,2006
08-057-9000,2007
08-057-9000,2008
08-067-9000,2005
08-067-9000,2006
08-067-9000,2007
08-067-9000,2008
08-069-0007,2000
08-069-0007,2001
08-069-0007,2002
08-069-0007,2003
08-069-0007,2004
08-069-0007,2005
08-069-0007,2006
08-069-0007,2007
08-069-0007,2008
08-069-9001,2000
08-069-9001,2001
08-069-9001,2002
08-069-9001,2003
08-069-9001,2004
08-069-9001,2005
08-069-9001,2006
08-069-9001,2007
08-069-9001,2008
08-077-0017,2004
08-077-0017,2005
08-077-0017,2006
08-077-0017,2007
08-077-0017,2008
08-083-0101,2001
08-083-0101,2003
08-083-0101,2004
08-083-0101,2005
08-083-0101,2006
08-083-0101,2007
08-083-0101,2008
08-083-9000,2000
08-083-9000,2001
08-083-9000,2003
08-083-9000,2004
08-083-9000,2005
08-083-9000,2006
08-083-9000,2007
08-083-9000,2008
08-097-0002,2001
08-097-0002,2002
08-097-0002,2003
08-097-0002,2004
08-097-0002,2005
08-097-0002,2006
08-097-0002,2007
08-097-0002,2008
08-097-9000,2001
08-097-9000,2002
08-097-9000,2003
08-097-9000,2004
08-097-9000,2005
08-097-9000,2006
08-097-9000,2007
08-097-9000,2008
08-111-9000,2000
08-111-9000,2001
08-111-9000,2002
08-111-9000,2003
08-111-9000,2004
08-111-9000,2005
08-111-9000,2006
08-111-9000,2007
08-111-9000,2008
08-123-0008,2002
08-123-0008,2003
08-123-0008,2004
08-123-0008,2005
08-123-0008,2006
08-123-0008,2007
08-123-0008,2008
09-005-0005,2002
09-005-0005,2003
09-005-0005,2004
09-005-0005,2005
09-005-0005,2006
09-005-0005,2007
09-005-0005,2008
09-009-0027,2005
09-009-0027,2006
09-009-0027,2007
09-009-0027,2008
10-001-0003,2002
10-001-0003,2003
10-001-0003,2004
10-001-0003,2005
10-001-0003,2006
10-001-0003,2007
10-001-0003,2008
10-003-2004,2002
10-003-2004,2003
10-003-2004,2004
10-003-2004,2005
10-003-2004,2006
10-003-2004,2007
11-001-0042,2000
11-001-0042,2001
11-001-0042,2002
11-001-0042,2003
11-001-0042,2004
11-001-0042,2005
11-001-0042,2006
11-001-0042,2007
11-001-0042,2008
11-001-0043,2002
11-001-0043,2003
11-001-0043,2004
11-001-0043,2005
11-001-0043,2006
11-001-0043,2007
12-017-9000,2000
12-017-9000,2001
12-017-9000,2002
12-017-9000,2003
12-017-9000,2006
12-017-9000,2007
12-017-9000,2008
12-057-3002,2004
12-057-3002,2005
12-057-3002,2006
12-057-3002,2007
12-057-3002,2008
12-073-0012,2002
12-073-0012,2003
12-073-0012,2004
12-073-0012,2005
12-073-0012,2006
12-073-0012,2007
12-073-0012,2008
12-086-1016,2002
12-086-1016,2003
12-086-1016,2004
12-086-1016,2005
12-103-0026,2005
12-103-0026,2006
12-103-0026,2007
12-103-0026,2008
12-129-0001,2001
12-129-0001,2002
12-129-0001,2003
12-129-0001,2004
12-129-0001,2005
12-129-0001,2006
12-129-0001,2007
12-129-0001,2008
13-021-0007,2003
13-021-0007,2004
13-021-0007,2005
13-021-0007,2006
13-021-0007,2007
13-049-9000,2000
13-049-9000,2001
13-049-9000,2002
13-049-9000,2003
13-049-9000,2004
13-049-9000,2005
13-049-9000,2006
13-049-9000,2007
13-049-9000,2008
13-059-0001,2003
13-059-0001,2004
13-059-0001,2005
13-059-0001,2006
13-059-0001,2007
13-059-0001,2008
13-069-0002,2003
13-069-0002,2004
13-069-0002,2005
13-069-0002,2006
13-069-0002,2007
13-069-0002,2008
13-089-0002,2002
13-089-0002,2003
13-089-0002,2004
13-089-0002,2005
13-089-0002,2006
13-089-0002,2007
13-089-0002,2008
13-115-0005,2003
13-115-0005,2004
13-115-0005,2005
13-115-0005,2006
13-115-0005,2007
13-115-0005,2008
13-213-0003,2001
13-213-0003,2002
13-213-0003,2003
13-213-0003,2004
13-213-0003,2005
13-213-0003,2006
13-213-0003,2007
13-213-0003,2008
13-213-9000,2001
13-213-9000,2002
13-213-9000,2003
13-213-9000,2004
13-213-9000,2005
13-213-9000,2006
13-213-9000,2007
13-213-9000,2008
13-245-0091,2003
13-245-0091,2004
13-245-0091,2005
13-245-0091,2006
13-245-0091,2007
13-245-0091,2008
16-027-0004,2002
16-027-0004,2003
16-027-0004,2004
16-027-0004,2005
16-027-0004,2006
16-037-0002,2002
16-037-0002,2003
16-037-0002,2004
16-037-0002,2005
16-037-0002,2006
16-037-0002,2007
16-037-0002,2008
17-019-1001,2005
17-019-1001,2006
17-019-1001,2007
17-019-1001,2008
17-031-0057,2002
17-031-0057,2003
17-031-0057,2004
17-031-0057,2005
17-031-0057,2006
17-031-0057,2007
17-031-0076,2002
17-031-0076,2003
17-031-0076,2004
17-031-0076,2005
17-031-0076,2006
17-031-0076,2007
17-031-4201,2003
17-031-4201,2004
17-031-4201,2005
17-031-4201,2006
17-031-4201,2007
17-115-0013,2003
17-115-0013,2004
17-115-0013,2005
17-115-0013,2006
17-115-0013,2007
17-119-2009,2002
17-119-2009,2003
17-119-2009,2004
17-119-2009,2005
17-119-2009,2006
17-119-2009,2007
18-037-2001,2005
18-037-2001,2006
18-037-2001,2007
18-037-2001,2008
18-065-0003,2003
18-065-0003,2004
18-065-0003,2005
18-065-0003,2006
18-065-0003,2007
18-065-0003,2008
18-097-0078,2001
18-097-0078,2002
18-097-0078,2003
18-097-0078,2004
18-097-0078,2005
18-097-0078,2006
18-097-0078,2007
18-175-9000,2002
18-175-9000,2003
18-175-9000,2004
18-175-9000,2005
18-175-9000,2006
18-175-9000,2007
18-175-9000,2008
19-113-0037,2002
19-113-0037,2003
19-113-0037,2004
19-113-0037,2005
19-113-0037,2006
19-113-0037,2007
19-113-0037,2008
19-137-0002,2003
19-137-0002,2004
19-137-0002,2005
19-137-0002,2006
19-137-0002,2007
19-137-0002,2008
19-153-0030,2003
19-153-0030,2004
19-153-0030,2005
19-153-0030,2006
19-153-0030,2007
19-153-0030,2008
19-163-0015,2002
19-163-0015,2003
19-163-0015,2004
19-163-0015,2005
19-163-0015,2006
19-163-0015,2007
19-163-0015,2008
19-177-0006,2003
19-177-0006,2004
19-177-0006,2005
19-177-0006,2006
19-177-0006,2007
19-177-0006,2008
20-013-9000,2003
20-013-9000,2004
20-013-9000,2005
20-013-9000,2006
20-013-9000,2007
20-013-9000,2008
20-017-0001,2003
20-017-0001,2004
20-017-0001,2005
20-017-0001,2006
20-017-0001,2007
20-017-0001,2008
20-195-0001,2003
20-195-0001,2004
20-195-0001,2005
20-195-0001,2006
20-195-0001,2007
20-195-0001,2008
20-209-0021,2002
20-209-0021,2003
20-209-0021,2004
20-209-0021,2005
20-209-0021,2006
20-209-0021,2007
20-209-0021,2008
21-019-0017,2002
21-019-0017,2003
21-019-0017,2004
21-019-0017,2005
21-019-0017,2006
21-019-0017,2007
21-019-0017,2008
21-061-0501,2000
21-061-0501,2001
21-061-0501,2002
21-061-0501,2003
21-061-0501,2004
21-061-0501,2005
21-061-0501,2006
21-061-0501,2007
21-061-0501,2008
21-061-9000,2000
21-061-9000,2001
21-061-9000,2002
21-061-9000,2003
21-061-9000,2004
21-061-9000,2005
21-061-9000,2006
21-061-9000,2007
21-061-9000,2008
21-067-0012,2002
21-067-0012,2003
21-067-0012,2004
21-067-0012,2005
21-067-0012,2006
21-067-0012,2007
21-067-0012,2008
21-111-0043,2003
21-111-0043,2004
21-111-0043,2005
21-111-0043,2006
21-111-0043,2007
21-111-0048,2002
21-111-0048,2003
21-111-0048,2004
21-111-0048,2005
21-111-0048,2006
21-117-0007,2002
21-117-0007,2003
21-117-0007,2004
21-117-0007,2005
21-117-0007,2006
21-117-0007,2007
21-117-0007,2008
21-125-0004,2003
21-125-0004,2004
21-125-0004,2005
21-125-0004,2006
21-145-1004,2002
21-145-1004,2003
21-145-1004,2004
21-145-1004,2005
21-145-1004,2006
21-193-0003,2002
21-193-0003,2003
21-193-0003,2004
21-193-0003,2005
21-193-0003,2006
21-193-0003,2007
21-193-0003,2008
21-221-8001,2002
21-221-8001,2003
21-221-8001,2004
21-221-8001,2005
21-221-8001,2006
21-221-8001,2007
21-221-8001,2008
21-221-9000,2002
21-221-9000,2003
21-221-9000,2004
21-221-9000,2005
21-221-9000,2006
21-221-9000,2007
21-221-9000,2008
21-227-0007,2002
21-227-0007,2003
21-227-0007,2004
21-227-0007,2005
21-227-0007,2006
22-015-0008,2003
22-015-0008,2004
22-015-0008,2005
22-015-0008,2006
22-015-0008,2008
22-033-0009,2002
22-033-0009,2003
22-033-0009,2004
22-033-0009,2006
22-033-0009,2007
22-033-0009,2008
22-127-9000,2002
22-127-9000,2003
22-127-9000,2004
22-127-9000,2005
22-127-9000,2006
22-127-9000,2007
22-127-9000,2008
23-003-1020,2002
23-003-1020,2003
23-003-1020,2004
23-003-1020,2005
23-003-1020,2006
23-003-1020,2007
23-003-1020,2008
23-005-0002,2002
23-005-0002,2003
23-005-0002,2004
23-005-0002,2005
23-005-0002,2006
23-005-0002,2007
23-005-0002,2008
23-005-0103,2002
23-005-0103,2003
23-005-0103,2004
23-005-0103,2005
23-005-0103,2006
23-005-0103,2007
23-005-0103,2008
23-005-9002,2002
23-005-9002,2003
23-005-9002,2004
23-005-9002,2005
23-005-9002,2006
23-005-9002,2007
23-005-9002,2008
23-009-0103,2005
23-009-0103,2006
23-009-0103,2008
23-019-4003,2002
23-019-4003,2003
23-019-4003,2004
23-019-4003,2005
23-019-4003,2006
23-029-1004,2000
23-029-1004,2001
23-029-1004,2002
23-029-1004,2003
23-029-1004,2004
23-029-1004,2005
23-029-1004,2006
23-029-1004,2007
23-029-1004,2008
24-005-3001,2001
24-005-3001,2002
24-005-3001,2003
24-005-3001,2005
24-005-3001,2006
24-005-3001,2007
24-023-0002,2005
24-023-0002,2006
24-023-0002,2007
24-023-0002,2008
24-023-9000,2005
24-023-9000,2006
24-023-9000,2007
24-023-9000,2008
24-033-0030,2005
24-033-0030,2006
24-033-0030,2007
24-033-0030,2008
25-001-0002,2002
25-001-0002,2003
25-001-0002,2004
25-001-0002,2005
25-001-0002,2006
25-001-0002,2007
25-001-0002,2008
25-007-0001,2004
25-007-0001,2005
25-007-0001,2006
25-007-0001,2007
25-007-0001,2008
25-013-0008,2002
25-013-0008,2004
25-013-0008,2005
25-013-0008,2007
25-013-0008,2008
25-015-4002,2002
25-015-4002,2003
25-015-4002,2004
25-015-4002,2005
25-015-4002,2006
25-015-4002,2007
25-015-4002,2008
25-025-0042,2001
25-025-0042,2002
25-025-0042,2003
25-025-0042,2004
25-025-0042,2005
25-025-0042,2006
25-025-0042,2007
25-025-0042,2008
26-033-0901,2002
26-033-0901,2003
26-033-0901,2004
26-033-0901,2005
26-033-0901,2006
26-077-0008,2004
26-077-0008,2005
26-077-0008,2006
26-077-0008,2007
26-077-0008,2008
26-081-0020,2003
26-081-0020,2004
26-081-0020,2005
26-081-0020,2006
26-081-0020,2007
26-081-0020,2008
26-083-9001,2000
26-083-9001,2001
26-083-9001,2002
26-083-9001,2003
26-083-9001,2004
26-113-0001,2003
26-113-0001,2004
26-113-0001,2005
26-113-0001,2006
26-113-0001,2007
26-113-0001,2008
26-115-0005,2003
26-115-0005,2004
26-115-0005,2005
26-115-0005,2006
26-115-0005,2007
26-115-0005,2008
26-153-0001,2000
26-153-0001,2001
26-153-0001,2002
26-153-0001,2003
26-153-0001,2004
26-153-0001,2005
26-153-0001,2006
26-153-0001,2007
26-153-0001,2008
26-153-9000,2000
26-153-9000,2001
26-153-9000,2002
26-153-9000,2003
26-153-9000,2004
26-153-9000,2005
26-153-9000,2006
26-153-9000,2007
26-153-9000,2008
26-163-0001,2001
26-163-0001,2002
26-163-0001,2003
26-163-0001,2004
26-163-0001,2005
26-163-0001,2006
26-163-0001,2007
26-163-0001,2008
26-163-0033,2003
26-163-0033,2004
26-163-0033,2005
26-163-0033,2006
26-163-0033,2007
27-053-0963,2002
27-053-0963,2003
27-053-0963,2004
27-053-0963,2005
27-053-0963,2006
27-053-0963,2007
27-109-5008,2002
27-109-5008,2003
27-109-5008,2004
27-109-5008,2005
27-109-5008,2006
27-109-5008,2007
27-109-5008,2008
27-133-9000,2003
27-133-9000,2004
27-133-9000,2005
27-133-9000,2006
27-133-9000,2007
27-133-9000,2008
27-137-0034,2002
27-137-0034,2003
27-137-0034,2004
27-137-0034,2005
27-169-9000,2003
27-169-9000,2004
27-169-9000,2005
27-169-9000,2006
27-169-9000,2007
27-169-9000,2008
28-035-0004,2003
28-035-0004,2004
28-035-0004,2005
28-043-0001,2003
28-043-0001,2004
28-043-0001,2005
28-043-0001,2006
28-047-0008,2002
28-047-0008,2003
28-047-0008,2004
28-047-0008,2005
28-047-0008,2006
28-047-0008,2007
28-047-0008,2008
28-049-0018,2002
28-049-0018,2003
28-049-0018,2004
28-049-0018,2005
28-049-0018,2006
28-067-0002,2003
28-067-0002,2004
28-067-0002,2005
29-039-0001,2003
29-039-0001,2004
29-039-0001,2005
29-039-0001,2006
29-039-0001,2007
29-039-0001,2008
29-047-0005,2003
29-047-0005,2004
29-047-0005,2005
29-047-0005,2006
29-047-0005,2007
29-047-0005,2008
29-099-0012,2002
29-099-0012,2003
29-099-0012,2004
29-099-0012,2005
29-099-0012,2006
29-099-0012,2007
29-099-0012,2008
29-186-0005,2004
29-186-0005,2005
29-186-0005,2006
29-186-0005,2007
29-207-0001,2001
29-207-0001,2002
29-207-0001,2006
29-207-0001,2007
29-207-0001,2008
29-213-0003,2002
29-213-0003,2003
29-213-0003,2004
29-213-0003,2005
29-213-0003,2006
29-213-0003,2007
29-213-0003,2008
29-510-0085,2001
29-510-0085,2002
29-510-0085,2003
29-510-0085,2004
29-510-0085,2005
29-510-0085,2006
29-510-0085,2007
30-029-8001,2001
30-029-8001,2002
30-029-8001,2003
30-029-8001,2004
30-029-8001,2005
30-029-8001,2006
30-029-8001,2007
30-029-8001,2008
30-029-9001,2000
30-029-9001,2001
30-029-9001,2002
30-029-9001,2003
30-029-9001,2004
30-029-9001,2005
30-029-9001,2006
30-029-9001,2007
30-029-9001,2008
30-047-9000,2003
30-047-9000,2004
30-047-9000,2005
30-047-9000,2006
30-047-9000,2007
30-047-9000,2008
30-053-0018,2003
30-053-0018,2004
30-053-0018,2005
30-053-0018,2006
30-053-0018,2007
30-053-0018,2008
30-063-0031,2003
30-063-0031,2004
30-063-0031,2005
30-063-0031,2006
30-063-0031,2007
30-077-9000,2001
30-077-9000,2002
30-077-9000,2003
30-077-9000,2004
30-077-9000,2005
30-077-9000,2006
30-077-9000,2007
30-077-9000,2008
30-081-9000,2001
30-081-9000,2002
30-081-9000,2003
30-081-9000,2004
30-081-9000,2005
30-081-9000,2006
30-081-9000,2007
30-081-9000,2008
30-085-9000,2003
30-085-9000,2004
30-085-9000,2005
30-085-9000,2006
30-085-9000,2007
30-085-9000,2008
30-087-0762,2003
30-087-0762,2004
30-087-0762,2005
30-087-0762,2006
30-087-0762,2007
30-087-0762,2008
30-089-9000,2001
30-089-9000,2002
30-089-9000,2003
30-089-9000,2004
30-089-9000,2005
30-089-9000,2006
30-089-9000,2007
30-089-9000,2008
30-091-9000,2000
30-091-9000,2001
30-091-9000,2002
30-091-9000,2003
30-091-9000,2004
30-091-9000,2005
30-091-9000,2006
30-091-9000,2007
30-091-9000,2008
31-055-0019,2003
31-055-0019,2004
31-055-0019,2005
31-055-0019,2006
31-055-0019,2007
31-055-0019,2008
31-171-9000,2003
31-171-9000,2004
31-171-9000,2005
31-171-9000,2006
31-171-9000,2007
31-173-9000,2004
31-173-9000,2005
31-173-9000,2006
31-173-9000,2007
31-173-9000,2008
32-007-9000,2000
32-007-9000,2001
32-007-9000,2002
32-007-9000,2003
32-007-9000,2004
32-007-9000,2005
32-007-9000,2006
32-007-9000,2007
32-007-9000,2008
32-031-0016,2002
32-031-0016,2003
32-031-0016,2004
32-031-0016,2005
32-031-0016,2006
32-031-0016,2007
32-031-0016,2008
32-033-0101,2001
32-033-0101,2002
32-033-0101,2003
32-033-0101,2004
32-033-0101,2005
32-033-0101,2006
32-033-0101,2007
32-033-0101,2008
32-033-9000,2000
33-007-4002,2001
33-007-4002,2002
33-007-4002,2003
33-007-4002,2004
33-007-4002,2005
33-007-4002,2006
33-007-4002,2007
33-007-4002,2008
33-011-0020,2003
33-011-0020,2004
33-011-0020,2005
33-015-0014,2002
33-015-0014,2003
33-015-0014,2004
33-015-0014,2005
33-015-0014,2006
33-015-0014,2007
34-001-0006,2000
34-001-0006,2001
34-001-0006,2002
34-001-0006,2003
34-001-0006,2004
34-001-0006,2005
34-001-0006,2006
34-001-0006,2007
34-001-9000,2000
34-001-9000,2001
34-001-9000,2002
34-001-9000,2003
34-001-9000,2004
34-001-9000,2005
34-001-9000,2006
34-001-9000,2007
34-007-0003,2002
34-007-0003,2003
34-007-0003,2004
34-007-0003,2005
34-007-0003,2006
34-007-0003,2007
34-027-3001,2002
34-027-3001,2003
34-027-3001,2004
34-027-3001,2005
34-027-3001,2006
34-027-3001,2007
34-027-3001,2008
34-039-0004,2002
34-039-0004,2003
34-039-0004,2004
34-039-0004,2005
34-039-0004,2006
34-039-0004,2007
34-039-0004,2008
35-001-0023,2004
35-001-0023,2005
35-001-0023,2006
35-001-0023,2007
35-001-0023,2008
35-005-9000,2001
35-005-9000,2002
35-005-9000,2003
35-005-9000,2004
35-005-9000,2005
35-005-9000,2006
35-005-9000,2007
35-005-9000,2008
35-027-9000,2003
35-027-9000,2004
35-027-9000,2005
35-027-9000,2006
35-027-9000,2007
35-027-9000,2008
35-028-1002,2001
35-028-1002,2002
35-028-1002,2003
35-028-1002,2004
35-028-1002,2005
35-028-1002,2006
35-028-1002,2007
35-028-1002,2008
35-039-9000,2001
35-039-9000,2002
35-039-9000,2003
35-039-9000,2004
35-039-9000,2005
35-039-9000,2006
35-039-9000,2007
35-039-9000,2008
35-053-9000,2001
35-053-9000,2002
35-053-9000,2003
35-053-9000,2004
35-053-9000,2005
35-053-9000,2006
35-053-9000,2007
35-053-9000,2008
35-055-9000,2001
35-055-9000,2002
35-055-9000,2003
35-055-9000,2004
35-055-9000,2005
35-055-9000,2006
35-055-9000,2007
35-055-9000,2008
36-005-0083,2001
36-005-0083,2002
36-005-0083,2003
36-005-0083,2004
36-005-0083,2005
36-005-0110,2002
36-005-0110,2003
36-005-0110,2004
36-005-0110,2005
36-005-0110,2006
36-005-0110,2007
36-029-0005,2003
36-029-0005,2004
36-029-0005,2005
36-029-0005,2006
36-029-0005,2007
36-029-0005,2008
36-031-0003,2002
36-031-0003,2003
36-031-0003,2004
36-031-0003,2005
36-031-0003,2006
36-031-0003,2007
36-031-0003,2008
36-055-1007,2005
36-055-1007,2006
36-055-1007,2007
36-055-1007,2008
36-061-0062,2003
36-061-0062,2004
36-061-0062,2005
36-061-0062,2006
36-061-0062,2007
36-081-0124,2002
36-081-0124,2003
36-081-0124,2004
36-081-0124,2005
36-081-0124,2006
36-081-0124,2007
36-081-0124,2008
36-101-0003,2002
36-101-0003,2003
36-101-0003,2004
36-101-0003,2005
36-101-0003,2006
36-101-0003,2007
36-101-0003,2008
36-101-9000,2002
36-101-9000,2003
36-101-9000,2004
36-101-9000,2005
36-101-9000,2006
36-101-9000,2007
36-101-9000,2008
36-109-9000,2002
36-109-9000,2003
36-109-9000,2004
36-109-9000,2005
36-109-9000,2006
36-109-9991,2002
36-109-9991,2003
36-109-9991,2004
36-109-9991,2005
36-109-9991,2006
37-011-0002,2001
37-011-0002,2002
37-011-0002,2003
37-011-0002,2004
37-011-0002,2005
37-011-0002,2006
37-011-0002,2007
37-011-0002,2008
37-021-0034,2003
37-021-0034,2004
37-021-0034,2005
37-021-0034,2006
37-021-0034,2007
37-021-0034,2008
37-035-0004,2002
37-035-0004,2003
37-035-0004,2004
37-035-0004,2005
37-035-0004,2006
37-035-0004,2007
37-035-0004,2008
37-057-0002,2004
37-057-0002,2005
37-057-0002,2006
37-057-0002,2007
37-057-0002,2008
37-067-0022,2002
37-067-0022,2003
37-067-0022,2004
37-067-0022,2005
37-067-0022,2006
37-067-0022,2007
37-087-0035,2000
37-087-0035,2001
37-087-0035,2002
37-087-0035,2003
37-087-0035,2004
37-087-0035,2005
37-087-0035,2006
37-087-0035,2007
37-087-0035,2008
37-095-9000,2001
37-095-9000,2002
37-095-9000,2003
37-095-9000,2006
37-095-9000,2007
37-095-9000,2008
37-107-0004,2002
37-107-0004,2003
37-107-0004,2004
37-107-0004,2005
37-107-0004,2006
37-107-0004,2007
37-107-0004,2008
37-119-0041,2001
37-119-0041,2002
37-119-0041,2003
37-119-0041,2004
37-119-0041,2005
37-119-0041,2006
37-119-0041,2007
37-119-0041,2008
37-159-0021,2006
37-159-0021,2007
37-159-0021,2008
37-183-0014,2002
37-183-0014,2003
37-183-0014,2004
37-183-0014,2005
37-183-0014,2006
37-183-0014,2007
37-183-0014,2008
38-007-0002,2000
38-007-0002,2001
38-007-0002,2002
38-007-0002,2003
38-007-0002,2004
38-007-0002,2005
38-007-0002,2006
38-007-0002,2007
38-007-0002,2008
38-013-0004,2000
38-013-0004,2003
38-013-0004,2004
38-013-0004,2005
38-013-0004,2006
38-013-0004,2008
38-015-0003,2002
38-015-0003,2003
38-015-0003,2004
38-015-0003,2005
38-015-0003,2006
38-017-1004,2002
38-017-1004,2003
38-017-1004,2004
38-017-1004,2005
38-017-1004,2006
38-017-1004,2007
38-017-1004,2008
38-053-0002,2002
38-053-0002,2003
38-053-0002,2004
38-053-0002,2005
39-017-1004,2002
39-017-1004,2003
39-017-1004,2004
39-017-1004,2005
39-017-1004,2006
39-017-1004,2007
39-017-1004,2008
39-035-0038,2002
39-035-0038,2003
39-035-0038,2004
39-035-0038,2005
39-035-0038,2006
39-035-0038,2007
39-035-0060,2001
39-035-0060,2002
39-035-0060,2003
39-035-0060,2004
39-035-0060,2005
39-035-0060,2006
39-035-0060,2007
39-035-0060,2008
39-049-0081,2003
39-049-0081,2004
39-049-0081,2005
39-049-0081,2006
39-095-0026,2003
39-095-0026,2004
39-095-0026,2005
39-095-0026,2006
39-095-0026,2007
39-095-0026,2008
39-099-0014,2003
39-099-0014,2004
39-099-0014,2005
39-099-0014,2006
39-099-0014,2007
39-099-0014,2008
39-121-8001,2002
39-121-8001,2003
39-121-8001,2004
39-121-8001,2005
39-121-8001,2006
39-121-8001,2007
39-121-8001,2008
39-121-9000,2002
39-121-9000,2003
39-121-9000,2004
39-121-9000,2005
39-121-9000,2006
39-121-9000,2007
39-121-9000,2008
39-153-0023,2003
39-153-0023,2004
39-153-0023,2005
39-153-0023,2006
39-153-0023,2007
40-031-9000,2002
40-031-9000,2003
40-031-9000,2004
40-031-9000,2005
40-031-9000,2006
40-031-9000,2007
40-031-9000,2008
40-071-9010,2003
40-071-9010,2004
40-071-9010,2005
40-071-9010,2006
40-071-9010,2007
40-071-9010,2008
40-109-1037,2003
40-109-1037,2004
40-109-1037,2005
40-109-1037,2006
40-109-1037,2007
40-109-1037,2008
40-143-1127,2002
40-143-1127,2003
40-143-1127,2004
40-143-1127,2005
40-143-1127,2006
40-143-1127,2007
40-143-1127,2008
41-005-0010,2001
41-005-0010,2002
41-005-0010,2003
41-005-0010,2004
41-005-0010,2005
41-005-0010,2006
41-005-0010,2007
41-005-0010,2008
41-005-0102,2001
41-005-0102,2002
41-005-0102,2003
41-005-0102,2004
41-005-0102,2005
41-005-0102,2006
41-005-0102,2007
41-005-0102,2008
41-033-0010,2001
41-033-0010,2002
41-033-0010,2003
41-033-0010,2004
41-033-0010,2005
41-033-0010,2006
41-033-0010,2007
41-033-0010,2008
41-035-8001,2002
41-039-0070,2000
41-039-0070,2001
41-039-0070,2002
41-039-0070,2003
41-039-0070,2004
41-039-0070,2005
41-039-0070,2006
41-039-0070,2007
41-039-0070,2008
41-051-0246,2003
41-051-0246,2004
41-051-0246,2005
41-051-0246,2006
41-063-0002,2001
41-063-0002,2002
41-063-0002,2003
41-063-0002,2004
41-063-0002,2005
41-063-0002,2007
42-001-0001,2002
42-001-0001,2003
42-001-0001,2004
42-001-0001,2005
42-001-0001,2006
42-001-0001,2007
42-001-0001,2008
42-001-9000,2002
42-001-9000,2003
42-001-9000,2004
42-001-9000,2005
42-001-9000,2006
42-001-9000,2007
42-001-9000,2008
42-003-0008,2002
42-003-0008,2003
42-003-0008,2004
42-003-0008,2005
42-003-0008,2006
42-003-0008,2007
42-003-0008,2008
42-027-0100,2003
42-027-0100,2004
42-027-0100,2005
42-027-0100,2006
42-027-0100,2007
42-027-0100,2008
42-029-0100,2003
42-029-0100,2004
42-029-0100,2005
42-029-0100,2006
42-029-0100,2007
42-029-0100,2008
42-043-0401,2003
42-043-0401,2004
42-043-0401,2005
42-043-0401,2006
42-043-0401,2007
42-043-0401,2008
42-045-0002,2003
42-045-0002,2004
42-045-0002,2005
42-045-0002,2006
42-045-0002,2007
42-045-0002,2008
42-069-2006,2004
42-069-2006,2005
42-069-2006,2006
42-069-2006,2007
42-069-2006,2008
42-071-0007,2003
42-071-0007,2004
42-071-0007,2005
42-071-0007,2006
42-071-0007,2007
42-071-0007,2008
42-085-9000,2002
42-085-9000,2003
42-085-9000,2004
42-085-9000,2005
42-085-9000,2006
42-085-9000,2007
42-085-9000,2008
42-095-0025,2003
42-095-0025,2004
42-095-0025,2005
42-095-0025,2006
42-095-0025,2007
42-095-0025,2008
42-101-0004,2002
42-101-0004,2003
42-101-0004,2004
42-101-0004,2005
42-101-0004,2006
42-101-0004,2007
42-125-5001,2002
42-125-5001,2003
42-125-5001,2004
42-125-5001,2005
42-125-5001,2006
42-125-5001,2007
42-129-0008,2002
42-129-0008,2003
42-129-0008,2004
42-129-0008,2005
42-129-0008,2006
42-129-0008,2007
42-133-0008,2003
42-133-0008,2004
42-133-0008,2005
42-133-0008,2006
42-133-0008,2007
42-133-0008,2008
44-007-0022,2003
44-007-0022,2004
44-007-0022,2005
44-007-0022,2006
44-007-0022,2007
44-007-0022,2008
45-019-0049,2002
45-019-0049,2003
45-019-0049,2004
45-019-0049,2005
45-019-0049,2006
45-019-0049,2007
45-019-0049,2008
45-025-0001,2002
45-025-0001,2003
45-025-0001,2004
45-025-0001,2005
45-025-0001,2006
45-025-0001,2007
45-025-0001,2008
45-045-0009,2002
45-045-0009,2003
45-045-0009,2004
45-045-0009,2005
45-045-0009,2006
45-045-0009,2007
45-045-0009,2008
45-079-0019,2002
45-079-0019,2003
45-079-0019,2004
45-079-0019,2005
45-079-0019,2006
46-033-0132,2001
46-033-0132,2002
46-033-0132,2003
46-033-0132,2004
46-033-0132,2005
46-033-0132,2006
46-033-0132,2007
46-033-0132,2008
46-071-0001,2001
46-071-0001,2002
46-071-0001,2003
46-071-0001,2004
46-071-0001,2005
46-071-0001,2006
46-071-0001,2007
46-071-0001,2008
46-099-0006,2003
46-099-0006,2004
46-099-0006,2005
46-099-0006,2006
46-099-0006,2007
46-099-0006,2008
47-009-0101,2000
47-009-0101,2001
47-009-0101,2002
47-009-0101,2003
47-009-0101,2004
47-009-0101,2005
47-009-0101,2006
47-009-0101,2007
47-009-0101,2008
47-037-0023,2003
47-037-0023,2004
47-037-0023,2005
47-037-0023,2006
47-037-0023,2007
47-037-0023,2008
47-065-4002,2002
47-065-4002,2003
47-065-4002,2004
47-065-4002,2005
47-065-4002,2006
47-065-4002,2007
47-065-4002,2008
47-099-0002,2002
47-099-0002,2003
47-099-0002,2004
47-099-0002,2005
47-099-0002,2006
47-099-0002,2007
47-099-0002,2008
47-157-0047,2002
47-157-0047,2003
47-157-0047,2004
47-157-0047,2005
47-157-0047,2006
47-163-1007,2002
47-163-1007,2003
47-163-1007,2004
47-163-1007,2005
47-163-1007,2006
48-043-0101,2000
48-043-0101,2001
48-043-0101,2002
48-043-0101,2003
48-043-0101,2004
48-043-0101,2005
48-043-0101,2006
48-043-0101,2007
48-043-0101,2008
48-113-0069,2001
48-113-0069,2002
48-113-0069,2003
48-113-0069,2004
48-113-0069,2005
48-113-0069,2006
48-113-0069,2007
48-113-0069,2008
48-141-0044,2002
48-141-0044,2003
48-141-0044,2004
48-141-0044,2005
48-141-0044,2006
48-141-0044,2007
48-141-0044,2008
48-201-1039,2001
48-201-1039,2002
48-201-1039,2004
48-201-1039,2005
48-201-1039,2006
48-201-1039,2007
48-201-1039,2008
49-017-0101,2000
49-017-0101,2001
49-017-0101,2002
49-017-0101,2003
49-017-0101,2004
49-017-0101,2005
49-017-0101,2006
49-017-0101,2007
49-017-0101,2008
49-035-3006,2001
49-035-3006,2002
49-035-3006,2003
49-035-3006,2004
49-035-3006,2005
49-035-3006,2006
49-035-3006,2007
49-049-4001,2002
49-049-4001,2003
49-049-4001,2004
49-049-4001,2005
49-049-4001,2006
49-049-4001,2007
49-053-0130,2004
49-053-0130,2005
49-053-0130,2006
49-053-0130,2007
49-053-0130,2008
49-053-9000,2001
49-053-9000,2002
49-053-9000,2003
49-053-9000,2004
49-055-9000,2001
49-055-9000,2002
49-055-9000,2003
49-055-9000,2004
49-055-9000,2005
49-055-9000,2006
49-055-9000,2007
49-055-9000,2008
50-003-8001,2002
50-003-8001,2003
50-003-8001,2004
50-003-8001,2005
50-003-8001,2006
50-003-8001,2007
50-003-8001,2008
50-007-0007,2002
50-007-0007,2003
50-007-0007,2004
50-007-0007,2005
50-007-0007,2006
50-007-0007,2007
50-007-0007,2008
50-007-0012,2001
50-007-0012,2002
50-007-0012,2003
50-007-0012,2004
50-007-0012,2005
50-007-0012,2006
50-007-0012,2007
50-007-0012,2008
51-087-0014,2004
51-087-0014,2005
51-087-0014,2006
51-087-0014,2007
51-087-0014,2008
51-113-0003,2002
51-113-0003,2003
51-113-0003,2004
51-113-0003,2005
51-113-0003,2006
51-113-0003,2007
51-113-0003,2008
51-113-9000,2000
51-113-9000,2001
51-113-9000,2002
51-113-9000,2003
51-113-9000,2004
51-113-9000,2005
51-113-9000,2006
51-113-9000,2007
51-113-9000,2008
51-163-0003,2002
51-163-0003,2003
51-163-0003,2004
51-163-0003,2005
51-163-0003,2006
51-163-0003,2007
51-163-0003,2008
51-163-9000,2001
51-163-9000,2002
51-163-9000,2003
51-163-9000,2004
51-163-9000,2005
51-163-9000,2006
51-163-9000,2007
51-163-9000,2008
51-520-0006,2002
51-520-0006,2003
51-520-0006,2004
51-520-0006,2005
51-520-0006,2006
53-009-0020,2002
53-009-0020,2003
53-009-0020,2004
53-009-0020,2005
53-009-0020,2006
53-009-0020,2007
53-009-0020,2008
53-033-0024,2002
53-033-0024,2003
53-033-0024,2004
53-033-0024,2005
53-033-0057,2003
53-033-0057,2004
53-033-0057,2005
53-033-0057,2006
53-033-0057,2007
53-033-0080,2001
53-033-0080,2002
53-033-0080,2003
53-033-0080,2004
53-033-0080,2005
53-033-0080,2006
53-037-0004,2002
53-037-0004,2003
53-037-0004,2004
53-037-0004,2005
53-037-0004,2006
53-037-0004,2007
53-037-0004,2008
53-039-0003,2002
53-039-0003,2003
53-039-0003,2004
53-039-0003,2005
53-039-0003,2006
53-039-0003,2007
53-039-0003,2008
53-039-0010,2002
53-039-0010,2003
53-039-0010,2004
53-039-0010,2005
53-039-0010,2006
53-039-0010,2007
53-039-0010,2008
53-039-0011,2001
53-039-0011,2002
53-039-0011,2003
53-039-0011,2004
53-039-0011,2005
53-039-0011,2006
53-039-0011,2007
53-039-0011,2008
53-047-0012,2002
53-047-0012,2003
53-047-0012,2004
53-047-0012,2005
53-047-0012,2006
53-047-0012,2007
53-047-0012,2008
53-053-0014,2000
53-053-0014,2001
53-053-0014,2002
53-053-0014,2003
53-053-0014,2004
53-053-0014,2005
53-053-0014,2006
53-053-0014,2007
53-053-0014,2008
53-053-1010,2002
53-053-1010,2003
53-053-1010,2004
53-053-1010,2005
53-053-1010,2006
53-053-1010,2007
53-053-1010,2008
53-063-0016,2005
53-063-0016,2006
53-063-0016,2007
53-063-0016,2008
54-051-1002,2005
54-051-1002,2006
54-051-1002,2007
54-051-1002,2008
54-093-9000,2002
54-093-9000,2003
54-093-9000,2004
54-093-9000,2005
54-093-9000,2006
54-093-9000,2007
54-093-9000,2008
55-027-0007,2002
55-027-0007,2003
55-027-0007,2004
55-027-0007,2005
55-027-0007,2006
55-027-0007,2007
55-027-0007,2008
55-059-0019,2003
55-059-0019,2004
55-059-0019,2005
55-079-0026,2001
55-079-0026,2002
55-079-0026,2003
55-079-0026,2004
55-079-0026,2005
55-079-0026,2006
55-079-0026,2007
55-079-0026,2008
55-119-8001,2002
55-119-8001,2003
55-119-8001,2004
55-119-8001,2005
55-119-8001,2006
55-119-8001,2007
55-119-8001,2008
55-133-0027,2003
55-133-0027,2004
55-133-0027,2005
55-133-0027,2006
55-133-0027,2007
55-133-0027,2008
56-005-0123,2004
56-005-0123,2005
56-005-0123,2006
56-005-0123,2007
56-005-0123,2008
56-019-9000,2003
56-019-9000,2004
56-019-9000,2006
56-019-9000,2007
56-019-9000,2008
56-035-9000,2002
56-035-9000,2003
56-035-9000,2004
56-035-9000,2005
56-035-9000,2006
56-035-9000,2007
56-035-9000,2008
56-039-9000,2002
56-039-9000,2003
56-039-9000,2004
56-039-9000,2005
56-039-9000,2006
56-039-9000,2007
56-039-9000,2008
